,date,arrivals,month,year,period,usd_lkr,inflation,rainfall,temperature,peace_index
0,2014-01-01,146575.0,January,2014,Pre-Covid,130.71,4.2,78,27.2,1.974
1,2014-02-01,141878.0,February,2014,Pre-Covid,130.8,3.9,52,27.8,1.974
2,2014-03-01,133048.0,March,2014,Pre-Covid,130.63,4.0,112,28.5,1.974
3,2014-04-01,112631.0,April,2014,Pre-Covid,130.62,3.5,238,28.2,1.974
4,2014-05-01,90046.0,May,2014,Pre-Covid,130.43,3.2,310,27.8,1.974
5,2014-06-01,103175.0,June,2014,Pre-Covid,130.27,3.3,185,27.2,1.974
6,2014-07-01,133971.0,July,2014,Pre-Covid,130.23,3.5,120,27.0,1.974
7,2014-08-01,140319.0,August,2014,Pre-Covid,130.19,2.9,108,27.1,1.974
8,2014-09-01,105535.0,September,2014,Pre-Covid,130.24,2.7,195,27.3,1.974
9,2014-10-01,121576.0,October,2014,Pre-Covid,130.56,2.5,348,27.2,1.974
10,2014-11-01,119727.0,November,2014,Pre-Covid,130.96,2.1,302,27.0,1.974
11,2014-12-01,178672.0,December,2014,Pre-Covid,131.19,2.1,148,26.9,1.974
12,2015-01-01,156246.0,January,2015,Pre-Covid,131.62,1.4,65,27.3,1.973
13,2015-02-01,165541.0,February,2015,Pre-Covid,132.79,0.9,48,27.9,1.973
14,2015-03-01,157051.0,March,2015,Pre-Covid,132.99,0.9,98,28.6,1.973
15,2015-04-01,122217.0,April,2015,Pre-Covid,132.9,1.4,215,28.3,1.973
16,2015-05-01,113529.0,May,2015,Pre-Covid,133.47,1.5,290,27.9,1.973
17,2015-06-01,115467.0,June,2015,Pre-Covid,133.97,1.7,162,27.3,1.973
18,2015-07-01,175804.0,July,2015,Pre-Covid,133.68,2.1,105,27.1,1.973
19,2015-08-01,166610.0,August,2015,Pre-Covid,133.94,2.0,90,27.2,1.973
20,2015-09-01,143374.0,September,2015,Pre-Covid,139.07,0.9,175,27.4,1.973
21,2015-10-01,132280.0,October,2015,Pre-Covid,140.77,1.2,280,27.3,1.973
22,2015-11-01,144147.0,November,2015,Pre-Covid,142.04,2.9,265,27.2,1.973
23,2015-12-01,206114.0,December,2015,Pre-Covid,143.25,2.8,182,27.1,1.973
24,2016-01-01,194280.0,January,2016,Pre-Covid,144.05,3.8,110,27.1,2.058
25,2016-02-01,197697.0,February,2016,Pre-Covid,144.08,4.2,72,27.7,2.058
26,2016-03-01,192841.0,March,2016,Pre-Covid,145.47,5.1,125,28.4,2.058
27,2016-04-01,136367.0,April,2016,Pre-Covid,145.56,5.3,265,28.1,2.058
28,2016-05-01,125044.0,May,2016,Pre-Covid,146.4,5.5,380,27.7,2.058
29,2016-06-01,118038.0,June,2016,Pre-Covid,146.14,5.6,215,27.2,2.058
30,2016-07-01,209351.0,July,2016,Pre-Covid,145.83,5.4,140,27.0,2.058
31,2016-08-01,186288.0,August,2016,Pre-Covid,145.56,4.4,118,27.1,2.058
32,2016-09-01,148499.0,September,2016,Pre-Covid,145.67,4.0,210,27.3,2.058
33,2016-10-01,150419.0,October,2016,Pre-Covid,146.86,3.7,390,27.2,2.058
34,2016-11-01,167217.0,November,2016,Pre-Covid,148.08,3.6,355,27.0,2.058
35,2016-12-01,224791.0,December,2016,Pre-Covid,148.87,4.5,195,26.9,2.058
36,2017-01-01,219360.0,January,2017,Pre-Covid,149.82,6.0,95,27.2,1.98
37,2017-02-01,197517.0,February,2017,Pre-Covid,150.89,7.6,58,27.8,1.98
38,2017-03-01,188076.0,March,2017,Pre-Covid,151.8,7.0,108,28.5,1.98
39,2017-04-01,160249.0,April,2017,Pre-Covid,152.05,6.9,248,28.2,1.98
40,2017-05-01,121891.0,May,2017,Pre-Covid,152.59,6.4,345,27.7,1.98
41,2017-06-01,123351.0,June,2017,Pre-Covid,152.83,6.7,198,27.2,1.98
42,2017-07-01,205482.0,July,2017,Pre-Covid,153.64,6.3,128,27.0,1.98
43,2017-08-01,190928.0,August,2017,Pre-Covid,153.19,6.1,112,27.1,1.98
44,2017-09-01,145077.0,September,2017,Pre-Covid,152.84,7.1,205,27.3,1.98
45,2017-10-01,152429.0,October,2017,Pre-Covid,153.49,7.8,362,27.2,1.98
46,2017-11-01,167511.0,November,2017,Pre-Covid,153.58,7.8,318,27.0,1.98
47,2017-12-01,244536.0,December,2017,Pre-Covid,153.19,7.1,160,26.9,1.98
48,2018-01-01,238924.0,January,2018,Pre-Covid,153.78,7.1,82,27.3,1.98
49,2018-02-01,235618.0,February,2018,Pre-Covid,154.79,6.2,55,27.9,1.98
50,2018-03-01,233382.0,March,2018,Pre-Covid,155.67,4.2,115,28.6,1.98
51,2018-04-01,180429.0,April,2018,Pre-Covid,156.24,3.3,242,28.3,1.98
52,2018-05-01,129466.0,May,2018,Pre-Covid,157.89,4.0,295,27.8,1.98
53,2018-06-01,146828.0,June,2018,Pre-Covid,159.05,4.6,180,27.3,1.98
54,2018-07-01,217829.0,July,2018,Pre-Covid,159.38,5.3,115,27.1,1.98
55,2018-08-01,200359.0,August,2018,Pre-Covid,160.3,5.6,102,27.2,1.98
56,2018-09-01,149087.0,September,2018,Pre-Covid,164.86,5.3,188,27.4,1.98
57,2018-10-01,153123.0,October,2018,Pre-Covid,171.12,6.3,338,27.3,1.98
58,2018-11-01,195582.0,November,2018,Pre-Covid,175.94,6.0,298,27.1,1.98
59,2018-12-01,253169.0,December,2018,Pre-Covid,180.22,2.8,152,27.0,1.98
60,2019-01-01,244239.0,January,2019,Pre-Covid,182.03,2.5,70,27.4,2.011
61,2019-02-01,252033.0,February,2019,Pre-Covid,178.51,2.8,45,28.0,2.011
62,2019-03-01,244328.0,March,2019,Pre-Covid,178.32,3.7,95,28.7,2.011
63,2019-04-01,166975.0,April,2019,Pre-Covid,174.81,3.1,205,28.4,2.011
64,2019-05-01,37802.0,May,2019,Pre-Covid,176.38,3.5,265,28.0,2.011
65,2019-06-01,63072.0,June,2019,Pre-Covid,176.56,3.4,158,27.4,2.011
66,2019-07-01,115701.0,July,2019,Pre-Covid,176.1,3.2,100,27.2,2.011
67,2019-08-01,143587.0,August,2019,Pre-Covid,177.92,3.0,88,27.3,2.011
68,2019-09-01,108575.0,September,2019,Pre-Covid,180.78,4.3,168,27.5,2.011
69,2019-10-01,118743.0,October,2019,Pre-Covid,181.4,5.4,310,27.4,2.011
70,2019-11-01,176984.0,November,2019,Pre-Covid,180.49,5.2,278,27.2,2.011
71,2019-12-01,241663.0,December,2019,Pre-Covid,181.19,4.8,145,27.1,2.011
72,2020-01-01,228434.0,January,2020,Covid-period,181.42,5.4,105,27.3,2.011
73,2020-02-01,207507.0,February,2020,Covid-period,181.56,5.4,68,27.9,2.011
74,2020-03-01,71370.0,March,2020,Covid-period,184.63,5.9,118,28.6,2.011
75,2020-12-01,393.0,December,2020,Covid-period,187.25,5.0,205,27.0,2.011
76,2021-01-01,1682.0,January,2021,Covid-period,191.23,4.2,128,27.2,1.994
77,2021-02-01,3366.0,February,2021,Covid-period,194.41,4.5,78,27.8,1.994
78,2021-03-01,4581.0,March,2021,Covid-period,197.11,4.1,132,28.5,1.994
79,2021-04-01,4168.0,April,2021,Covid-period,197.29,5.0,285,28.2,1.994
80,2021-05-01,1497.0,May,2021,Covid-period,197.16,5.7,392,27.7,1.994
81,2021-06-01,1614.0,June,2021,Covid-period,198.4,6.1,225,27.2,1.994
82,2021-07-01,2429.0,July,2021,Covid-period,199.25,6.0,148,27.0,1.994
83,2021-08-01,5040.0,August,2021,Covid-period,199.6,6.2,130,27.1,1.994
84,2021-09-01,13547.0,September,2021,Covid-period,199.74,7.6,225,27.3,1.994
85,2021-10-01,22771.0,October,2021,Covid-period,200.72,8.3,405,27.2,1.994
86,2021-11-01,44294.0,November,2021,Covid-period,202.04,9.9,368,27.0,1.994
87,2021-12-01,89506.0,December,2021,Covid-period,202.49,12.1,198,26.9,1.994
88,2022-01-01,82327.0,January,2022,Recovery-Period,202.52,14.2,88,27.3,1.978
89,2022-02-01,96507.0,February,2022,Recovery-Period,202.35,15.1,60,27.9,1.978
90,2022-03-01,106500.0,March,2022,Recovery-Period,251.66,18.7,118,28.6,1.978
91,2022-04-01,62980.0,April,2022,Recovery-Period,321.46,29.8,258,28.3,1.978
92,2022-05-01,30207.0,May,2022,Recovery-Period,360.07,39.1,318,27.8,1.978
93,2022-06-01,32856.0,June,2022,Recovery-Period,359.62,54.6,195,27.3,1.978
94,2022-07-01,47293.0,July,2022,Recovery-Period,360.32,60.8,128,27.1,1.978
95,2022-08-01,37760.0,August,2022,Recovery-Period,360.39,64.3,112,27.2,1.978
96,2022-09-01,29802.0,September,2022,Recovery-Period,362.02,66.0,198,27.4,1.978
97,2022-10-01,42026.0,October,2022,Recovery-Period,365.48,66.0,355,27.3,1.978
98,2022-11-01,59759.0,November,2022,Recovery-Period,366.98,61.0,315,27.1,1.978
99,2022-12-01,91961.0,December,2022,Recovery-Period,366.74,57.2,168,27.0,1.978
100,2023-01-01,102545.0,January,2023,Recovery-Period,365.69,53.2,82,27.4,1.938
101,2023-02-01,107639.0,February,2023,Recovery-Period,365.11,50.3,55,28.0,1.938
102,2023-03-01,125495.0,March,2023,Recovery-Period,332.8,50.2,108,28.7,1.938
103,2023-04-01,105498.0,April,2023,Recovery-Period,322.64,35.3,238,28.4,1.938
104,2023-05-01,83309.0,May,2023,Recovery-Period,310.17,25.2,282,27.9,1.938
105,2023-06-01,100388.0,June,2023,Recovery-Period,302.15,12.0,168,27.4,1.938
106,2023-07-01,143039.0,July,2023,Recovery-Period,319.53,6.3,108,27.2,1.938
107,2023-08-01,136405.0,August,2023,Recovery-Period,321.73,4.0,95,27.3,1.938
108,2023-09-01,111938.0,September,2023,Recovery-Period,323.06,1.3,175,27.5,1.938
109,2023-10-01,109199.0,October,2023,Recovery-Period,325.03,0.8,302,27.4,1.938
110,2023-11-01,151496.0,November,2023,Recovery-Period,328.16,-0.5,268,27.3,1.938
111,2023-12-01,210352.0,December,2023,Recovery-Period,326.65,-1.8,155,27.2,1.938
112,2024-01-01,208253.0,January,2024,Recovery-Period,321.01,-2.3,68,27.6,1.938
113,2024-02-01,218350.0,February,2024,Recovery-Period,312.26,-3.8,48,28.2,1.938
114,2024-03-01,209181.0,March,2024,Recovery-Period,305.27,-4.6,98,28.9,1.938
115,2024-04-01,148867.0,April,2024,Recovery-Period,299.08,-3.7,228,28.6,1.938
116,2024-05-01,112128.0,May,2024,Recovery-Period,299.45,-1.5,272,28.1,1.938
117,2024-06-01,113470.0,June,2024,Recovery-Period,303.81,0.1,162,27.6,1.938
118,2024-07-01,187810.0,July,2024,Recovery-Period,303.61,1.5,105,27.4,1.938
119,2024-08-01,164609.0,August,2024,Recovery-Period,300.37,0.8,92,27.5,1.938
120,2024-09-01,122140.0,September,2024,Recovery-Period,300.94,0.5,182,27.7,1.938
121,2024-10-01,135907.0,October,2024,Recovery-Period,293.53,0.8,318,27.5,1.938
122,2024-11-01,184158.0,November,2024,Recovery-Period,292.16,1.1,282,27.4,1.938
123,2024-12-01,248592.0,December,2024,Recovery-Period,291.56,0.9,148,27.3,1.938
124,2025-01-01,252761.0,January,2025,Recovery-Period,295.76,1.8,75,27.5,1.943
125,2025-02-01,240217.0,February,2025,Recovery-Period,296.89,-4.2,52,28.1,1.943
126,2025-03-01,229298.0,March,2025,Recovery-Period,295.86,0.5,115,28.0,1.943
127,2025-04-01,174608.0,April,2025,Recovery-Period,297.96,0.6,245,28.2,1.943
128,2025-05-01,132919.0,May,2025,Recovery-Period,299.36,0.8,305,27.8,1.943
129,2025-06-01,138241.0,June,2025,Recovery-Period,299.72,1.0,185,27.2,1.943
130,2025-07-01,200244.0,July,2025,Recovery-Period,300.95,1.2,122,27.1,1.943
131,2025-08-01,198235.0,August,2025,Recovery-Period,301.16,1.2,110,27.2,1.943
132,2025-09-01,158971.0,September,2025,Recovery-Period,302.03,1.5,195,27.4,1.943
133,2025-10-01,165193.0,October,2025,Recovery-Period,302.97,2.1,345,27.3,1.943
134,2025-11-01,212906.0,November,2025,Recovery-Period,306.06,2.0,308,27.1,1.943
135,2025-12-01,258928.0,December,2025,Recovery-Period,308.99,1.9,162,27.0,1.943
